"","x"
"1","empty_B2_Slot1-1_1_1338"
"2","empty_B3_Slot1-1_1_1318"
"3","empty_B4_Slot1-1_1_1304"
"4","auto_2_B3_empty_Slot1-1_1_3417"
"5","auto_4_B4_empty_Slot1-1_1_3491"
"6","nabut_1_B4_empty_Slot1-1_1_3712"
"7","nabut_1_D4_ctrl_Slot1-1_1_3706"
"8","nabut_1_I3_mix_Slot1-1_1_3725"
"9","nabut_4_B2_empty_Slot1-1_1_3639"
"10","nabut_4_B4_empty_Slot1-1_1_3674"
"11","nabut_4_D4_ctrl_Slot1-1_1_3668"
"12","nabut_4_E4_ctrl_Slot1-1_1_3669"
"13","nabut_4_F4_ctrl_Slot1-1_1_3670"
"14","nabut_4_G4_ctrl_Slot1-1_1_3671"
"15","nabut_4_H4_ctrl_Slot1-1_1_3672"
"16","nabut_4_I4_ctrl_Slot1-1_1_3673"
